{
  "totalOrders": 18700,
  "totalShipped": 14492,
  "totalSales": 663106.3799999945,
  "totalRefund": 174632.8300000003,
  "totalShippingFee": 0.0,
  "totalCommission": 13592.929999999998,
  "totalServiceFee": 2676.440000000002,
  "totalProductCost": 304368.0,
  "totalPromotionFee": 0,
  "totalOtherFee": 0,
  "totalInsuranceFee": 0,
  "totalProfit": 167836.17999999426
}